site,associated_accession,emma_latitude,emma_longitude,rep,height_av_culm_cm,height_tallest_culm_cm,tillers,flowering_culms,dry_weight_g,dry_weight_mg,dry_weight_kg,area_cm,area_m,SLA_m2_kg,LMA_g_m2,tussock_width_av_cm,plant_area_cm_sq,leaf_width_mm,leaf_length_cm,mean_A,mean_Ca,mean_Ci,mean_gsw,mean_RHcham,mean_Tleaf,mean_VPDleaf,mean_Rd,WUEi,Rmass,MAT,MeanDiurnalRange,Isothermality,TempSeasonality,MaxTempWarmestMonth,MinTempColdestMonth,TempAnnualRange,MeanTempWettestQuarter,MeanTempDriestQuarter,MeanTempWarmestQuarter,MeantempColdestQuarter,MAP,PrecipWettestMonth,PrecipDriestMonth,PrecipSeasonality,PrecipWettestQuarter,PrecipDriestQuarter,PrecipWarmestQuarter,PrecipColdestQuarter
Bruce_Weir_Rd_QLD,Fumar_Rd_QLD,-17.126588,145.129246,4,90,106,20,9,0.328,328,0.000328,61.535,0.0061535,18.76067073,53.30299829,35,962.1127502,4.936,29.86,14.25923148,400.1598624,162.9577619,0.17681856,34.69262409,30.11829292,2.660531387,2.059676403,80.64329615,109.7869278,22.7,11,5.9,257.7,31.2,12.6,18.6,25,19.8,25.4,18.9,131,29.2,1.4,9.5,82.7,4.5,53.9,5.5
Bruce_Weir_Rd_QLD,Fumar_Rd_QLD,-17.126588,145.129246,1,90,140,23,2,0.472,472,0.000472,89.415,0.0089415,18.94385593,52.78756361,30,706.8583471,5.108,42.2,20.99108051,396.2883607,245.9367228,0.248307847,57.78891313,30.10801475,1.820285539,1.971278492,84.53651688,104.0589888,22.7,11,5.9,257.7,31.2,12.6,18.6,25,19.8,25.4,18.9,131,29.2,1.4,9.5,82.7,4.5,53.9,5.5
Bruce_Weir_Rd_QLD,Fumar_Rd_QLD,-17.126588,145.129246,2,100,120,34,4,0.464,464,0.000464,75.8,0.00758,16.3362069,61.21372032,75,4417.864669,4.124,43.4,18.58970676,397.494623,240.3872164,0.209875951,52.59701972,29.85011721,2.043291163,2.07668377,88.57473496,127.1215395,22.7,11,5.9,257.7,31.2,12.6,18.6,25,19.8,25.4,18.9,131,29.2,1.4,9.5,82.7,4.5,53.9,5.5
Bruce_Weir_Rd_QLD,Fumar_Rd_QLD,-17.126588,145.129246,3,113,113,29,1,0.287,287,0.000287,65.848,0.0065848,22.94355401,43.58522658,30,706.8583471,4.858,32.96,17.70703955,398.5036721,238.3357746,0.198000458,58.24380066,30.08540656,1.834328597,2.511724239,89.42928568,109.4740701,22.7,11,5.9,257.7,31.2,12.6,18.6,25,19.8,25.4,18.9,131,29.2,1.4,9.5,82.7,4.5,53.9,5.5
Bruce_Weir_Rd_QLD,Fumar_Rd_QLD,-17.126588,145.129246,5,NA,NA,NA,NA,0.39,390,0.00039,70.181,0.0070181,17.99512821,55.57059603,NA,NA,3.966,43.42,14.79203184,400.5582333,219.6276268,0.141023167,61.24693533,30.081865,1.785169837,1.461500121,104.8907933,81.21643284,22.7,11,5.9,257.7,31.2,12.6,18.6,25,19.8,25.4,18.9,131,29.2,1.4,9.5,82.7,4.5,53.9,5.5
Bumberry_NSW,Forbes_NSW,-33.1313032,148.4271588,2,40,66,26,3,0.2145,2145,0.0002145,42.689,0.0042689,19.9016317,50.24713626,35.5,989.7980354,3.946,26.74,14.89009132,398.1142097,181.7035473,0.122552559,62.64895939,30.03153387,1.74202852,2.35848986,121.4996361,118.5073614,15.3,13.3,4.6,553.5,30.8,2.1,28.7,22.4,11.8,22.4,8.2,71.6,7.6,4.7,1.3,19.6,16.3,19.6,17.6
Bumberry_NSW,Forbes_NSW,-33.1313032,148.4271588,5,55,70,39,4,0.1669,1669,0.0001669,35.233,0.0035233,21.11024566,47.37036301,40,1256.637061,3.116,22.76,7.215984556,403.1472581,250.004441,0.083251656,55.80992506,32.42927097,2.268760928,1.725743505,86.67676877,81.74909631,15.3,13.3,4.6,553.5,30.8,2.1,28.7,22.4,11.8,22.4,8.2,71.6,7.6,4.7,1.3,19.6,16.3,19.6,17.6
Bumberry_NSW,Forbes_NSW,-33.1313032,148.4271588,3,60,98,44,3,0.1841,1841,0.0001841,40.785,0.0040785,22.1537208,45.13914429,43.5,1486.169675,3.212,25.92,14.10281583,398.6750473,231.6092989,0.146171154,62.10613168,30.01364441,1.732905179,1.544993108,96.48152497,69.73966681,15.3,13.3,4.6,553.5,30.8,2.1,28.7,22.4,11.8,22.4,8.2,71.6,7.6,4.7,1.3,19.6,16.3,19.6,17.6
Bumberry_NSW,Forbes_NSW,-33.1313032,148.4271588,1,65,72,42,11,0.2524,2524,0.0002524,52.825,0.0052825,20.92908082,47.780407,41,1320.254313,4.66,26.94,11.4242943,400.9259,197.2324543,0.096850844,62.6155827,30.02177833,1.759050285,1.815006076,117.9576126,86.72172901,15.3,13.3,4.6,553.5,30.8,2.1,28.7,22.4,11.8,22.4,8.2,71.6,7.6,4.7,1.3,19.6,16.3,19.6,17.6
Bumberry_NSW,Forbes_NSW,-33.1313032,148.4271588,4,73,89,42,6,0.3456,3456,0.0003456,63.632,0.0063632,18.41203704,54.3122957,63,3117.245311,3.756,39,16.29957919,395.1012258,171.9168138,0.124762346,58.01996742,31.97720323,2.103180627,2.165857912,130.6450199,117.6327154,15.3,13.3,4.6,553.5,30.8,2.1,28.7,22.4,11.8,22.4,8.2,71.6,7.6,4.7,1.3,19.6,16.3,19.6,17.6
Cobbler_ck_SA,Virginia_Gardens,-34.784167,138.696667,7,60,109,26,4,0.302,3020,0.000302,52.301,0.0052301,17.31821192,57.74268178,43,1452.201204,3.978,30.06,NA,NA,NA,NA,NA,NA,NA,NA,NA,NA,15.2,11.5,4.9,419.3,28.5,5.2,23.3,9.9,20.5,20.5,9.9,64.3,9.2,1.9,4.8,25.6,6.6,7,25.6
Cobbler_ck_SA,Virginia_Gardens,-34.784167,138.696667,2,67,93,27,5,0.2559,2559,0.0002559,48.376,0.0048376,18.90425948,52.8981313,44,1520.530844,3.324,27.92,8.920319074,402.8722333,143.7123193,0.058037282,44.7874035,29.92787333,2.480651304,1.017537072,153.6998077,53.82580966,15.2,11.5,4.9,419.3,28.5,5.2,23.3,9.9,20.5,20.5,9.9,64.3,9.2,1.9,4.8,25.6,6.6,7,25.6
Cobbler_ck_SA,Virginia_Gardens,-34.784167,138.696667,4,70,84,45,6,0.3486,3486,0.0003486,62.797,0.0062797,18.01405622,55.512206,42.5,1418.625433,4.028,32,3.222335326,407.3590323,275.2866022,0.042204301,67.98467051,29.97475806,1.608688775,2.396809811,76.35087501,133.0521999,15.2,11.5,4.9,419.3,28.5,5.2,23.3,9.9,20.5,20.5,9.9,64.3,9.2,1.9,4.8,25.6,6.6,7,25.6
Cobbler_ck_SA,Virginia_Gardens,-34.784167,138.696667,3,72,87,16,4,0.2765,276,0.0002765,54.29,0.005429,19.63471971,50.93018972,43,1452.201204,4.2,26.26,NA,NA,NA,NA,NA,NA,NA,NA,NA,NA,15.2,11.5,4.9,419.3,28.5,5.2,23.3,9.9,20.5,20.5,9.9,64.3,9.2,1.9,4.8,25.6,6.6,7,25.6
Cobbler_ck_SA,Virginia_Gardens,-34.784167,138.696667,1,78,91,38,2,0.4285,4285,0.0004285,71.388,0.0071388,16.65997666,60.02409369,52.5,2164.753688,4.038,36.16,5.03833137,405.7774516,259.7599495,0.061107705,49.35190168,29.9940871,2.356319468,1.25383824,82.45001737,75.26050397,15.2,11.5,4.9,419.3,28.5,5.2,23.3,9.9,20.5,20.5,9.9,64.3,9.2,1.9,4.8,25.6,6.6,7,25.6
Cobbler_ck_SA,Virginia_Gardens,-34.784167,138.696667,5,80,105,61,12,0.3677,3677,0.0003677,66.588,0.0066588,18.10932826,55.22015979,60,2827.433388,3.852,37.78,5.348643649,405.7091613,200.0106268,0.044047377,57.6174143,30.03701613,2.012298877,1.23559222,121.4293326,68.22959983,15.2,11.5,4.9,419.3,28.5,5.2,23.3,9.9,20.5,20.5,9.9,64.3,9.2,1.9,4.8,25.6,6.6,7,25.6
Cobbler_ck_SA,Virginia_Gardens,-34.784167,138.696667,6,85,115,58,19,0.459,4590,0.000459,70.521,0.0070521,15.36405229,65.08699536,78,4778.362426,4.396,38.2,3.205672372,407.2823833,286.3401041,0.047396329,59.37405273,29.97341,2.052283944,2.585095615,67.63545674,168.2561063,15.2,11.5,4.9,419.3,28.5,5.2,23.3,9.9,20.5,20.5,9.9,64.3,9.2,1.9,4.8,25.6,6.6,7,25.6
Cobbler_ck_SA,Virginia_Gardens,-34.784167,138.696667,8,NA,NA,NA,NA,0.5681,5681,0.0005681,90.597,0.0090597,15.94736842,62.70627063,NA,NA,5.058,40.14,3.314832428,407.2349677,273.5299205,0.043688033,59.49612862,30.02454516,2.030826748,2.178937712,75.87506664,136.6330578,15.2,11.5,4.9,419.3,28.5,5.2,23.3,9.9,20.5,20.5,9.9,64.3,9.2,1.9,4.8,25.6,6.6,7,25.6
Condah-Hotspur_Rd_VIC,Mornam_Rd_VIC,-37.918,141.648,3,50,75,24,6,0.1017,101.7,0.0001017,22.614,0.0022614,22.2359882,44.97214115,36,1017.87602,2.7,17.02,5.622077238,403.6850323,278.8176909,0.080706515,52.76341425,29.90658065,2.166552586,1.74288755,69.66076113,78.38138491,13.3,10.4,5.2,317.3,24.7,4.8,19.9,9.7,17.5,17.5,9.3,77.8,10.4,2.7,3.7,28.6,10,10,28.5
Condah-Hotspur_Rd_VIC,Mornam_Rd_VIC,-37.918,141.648,2,53,75,31,6,0.1018,101.8,0.0001018,28.579,0.0028579,28.07367387,35.62056055,38.5,1164.156428,3.64,16.84,8.565995442,401.1636774,49.80661009,0.040143851,55.0479515,30.13362258,2.146616064,2.026697652,213.3825042,72.19210644,13.3,10.4,5.2,317.3,24.7,4.8,19.9,9.7,17.5,17.5,9.3,77.8,10.4,2.7,3.7,28.6,10,10,28.5
Condah-Hotspur_Rd_VIC,Mornam_Rd_VIC,-37.918,141.648,1,53,73,33,5,0.1007,100.7,0.0001007,22.321,0.0022321,22.16583913,45.1144662,41.5,1352.651987,2.72,17.92,5.679606663,405.271957,192.0746526,0.045670339,47.24511514,30.00282489,2.429581481,1.264836984,124.3609489,57.06244538,13.3,10.4,5.2,317.3,24.7,4.8,19.9,9.7,17.5,17.5,9.3,77.8,10.4,2.7,3.7,28.6,10,10,28.5
Condah-Hotspur_Rd_VIC,Mornam_Rd_VIC,-37.918,141.648,4,54,80,59,18,0.2143,214.3,0.0002143,48.265,0.0048265,22.52216519,44.40070444,55,2375.829444,4.5,24.06,14.33525713,395.0248548,160.6173249,0.103435428,56.14033108,30.01715968,2.035019366,1.562381513,138.5913646,69.37083979,13.3,10.4,5.2,317.3,24.7,4.8,19.9,9.7,17.5,17.5,9.3,77.8,10.4,2.7,3.7,28.6,10,10,28.5
Condah-Hotspur_Rd_VIC,Mornam_Rd_VIC,-37.918,141.648,5,72,92,21,7,0.0831,83.1,8.31E-05,22.871,0.0022871,27.52226233,36.33422238,33.5,881.4130889,3,15.56,13.34494657,395.8630323,230.4576658,0.139369335,60.45956101,29.79302258,1.773372289,1.684018417,95.75238765,61.18749965,13.3,10.4,5.2,317.3,24.7,4.8,19.9,9.7,17.5,17.5,9.3,77.8,10.4,2.7,3.7,28.6,10,10,28.5
Condah-Hotspur_Rd_VIC,Mornam_Rd_VIC,-37.918,141.648,6,93,93,93,8,0.1242,124.2,0.0001242,31.519,0.0031519,25.37761675,39.40480345,52,2123.716634,3,21.16,7.169670014,401.9852903,308.9921652,0.140617647,64.6747279,30.02161613,1.673363414,1.922127005,50.98698604,75.74103685,13.3,10.4,5.2,317.3,24.7,4.8,19.9,9.7,17.5,17.5,9.3,77.8,10.4,2.7,3.7,28.6,10,10,28.5
Dalby_QLD,Dalby_QLD,-27.156601,151.235198,3,82,90,29,11,0.22,220,0.00022,45.869,0.0045869,20.84954545,47.96267632,35,962.1127502,3.278,29.66,14.92859078,403.29545,121.8542725,0.088587017,68.60459867,33.22543167,1.815738493,2.906363745,168.5189468,139.3969836,18.8,14.3,5.1,493.5,31.6,3.8,27.8,23.9,12,24.5,12,66.5,9.8,3.1,3.8,25.5,10.3,24.9,10.3
Dalby_QLD,Dalby_QLD,-27.156601,151.235198,1,85,93,22,5,0.249,249,0.000249,49.103,0.0049103,19.72008032,50.7097326,45,1590.431281,3.82,26.66,16.38194752,402.54125,244.5275844,0.18276664,69.55428008,31.201325,1.520605179,2.472839427,89.63313831,125.3970261,18.8,14.3,5.1,493.5,31.6,3.8,27.8,23.9,12,24.5,12,66.5,9.8,3.1,3.8,25.5,10.3,24.9,10.3
Dalby_QLD,Dalby_QLD,-27.156601,151.235198,2,90,110,47,11,0.395,395,0.000395,70.48,0.007048,17.84303797,56.04426788,70,3848.451001,3.95,36.54,15.41496166,403.2628925,133.5970371,0.102542575,79.72270406,32.53960306,1.310197243,2.724421476,150.3274288,152.688207,18.8,14.3,5.1,493.5,31.6,3.8,27.8,23.9,12,24.5,12,66.5,9.8,3.1,3.8,25.5,10.3,24.9,10.3
Dalby_QLD,Dalby_QLD,-27.156601,151.235198,5,92,110,56,8,0.371,371,0.000371,66.737,0.0066737,17.9884097,55.59135112,50,1963.495408,3.702,39.24,21.67421988,400.266,143.6709442,0.142590478,69.0885555,32.95670645,1.735044102,2.577534002,152.003277,143.2885978,18.8,14.3,5.1,493.5,31.6,3.8,27.8,23.9,12,24.5,12,66.5,9.8,3.1,3.8,25.5,10.3,24.9,10.3
Dalby_QLD,Dalby_QLD,-27.156601,151.235198,4,100,110,20,10,0.332,332,0.000332,59.953,0.0059953,18.05813253,55.37671176,40.5,1288.249338,3.714,37.66,21.70642869,400.1580591,192.0317267,0.178488349,70.23570529,32.74063882,1.646057508,2.516307155,121.6125805,139.344816,18.8,14.3,5.1,493.5,31.6,3.8,27.8,23.9,12,24.5,12,66.5,9.8,3.1,3.8,25.5,10.3,24.9,10.3
Hornsby_Heights_NSW,Sydney_NSW,-33.62908,151.11302,3,40,47,15,5,0.2001,200.1,0.0002001,33.091,0.0033091,16.53723138,60.46961409,36.5,1046.346703,3.26,23.64,NA,NA,NA,NA,NA,NA,NA,NA,NA,NA,16.7,10.8,4.8,406.4,26.9,4.7,22.2,21.4,12,21.6,11.2,117.5,15,5.4,3,42.2,18.2,37.1,24.1
Hornsby_Heights_NSW,Sydney_NSW,-33.62908,151.11302,4,50,66,29,9,0.0626,62.6,6.26E-05,14.98,0.001498,23.92971246,41.78905207,52,2123.716634,2.1,22.2,NA,NA,NA,NA,NA,NA,NA,NA,NA,NA,16.7,10.8,4.8,406.4,26.9,4.7,22.2,21.4,12,21.6,11.2,117.5,15,5.4,3,42.2,18.2,37.1,24.1
Hornsby_Heights_NSW,Sydney_NSW,-33.62908,151.11302,5,50,60,34,25,0.1082,108.2,0.0001082,22.153,0.0022153,20.474122,48.84214328,63,3117.245311,1.98,23.88,NA,NA,NA,NA,NA,NA,NA,NA,NA,NA,16.7,10.8,4.8,406.4,26.9,4.7,22.2,21.4,12,21.6,11.2,117.5,15,5.4,3,42.2,18.2,37.1,24.1
Hornsby_Heights_NSW,Sydney_NSW,-33.62908,151.11302,2,55,58,30,18,0.1281,128.1,0.0001281,25.414,0.0025414,19.83918813,50.40528842,26,530.9291585,2.88,21.04,NA,NA,NA,NA,NA,NA,NA,NA,NA,NA,16.7,10.8,4.8,406.4,26.9,4.7,22.2,21.4,12,21.6,11.2,117.5,15,5.4,3,42.2,18.2,37.1,24.1
Hornsby_Heights_NSW,Sydney_NSW,-33.62908,151.11302,1,100,117,68,40,0.1646,164.6,0.0001646,27.504,0.0027504,16.70959903,59.84584061,52.5,2164.753688,3.19,17.5,NA,NA,NA,NA,NA,NA,NA,NA,NA,NA,16.7,10.8,4.8,406.4,26.9,4.7,22.2,21.4,12,21.6,11.2,117.5,15,5.4,3,42.2,18.2,37.1,24.1
Jindabyne_NSW,Jindabyne_NSW,-36.431837,148.620779,5,40,44,51,4,0.0908,90.8,9.08E-05,20.708,0.0020708,22.8061674,43.84778829,34,907.9202769,2.992,16.18,12.68879347,398.303371,191.4452447,0.105201024,57.69523663,30.0509371,2.005440554,1.825903254,120.6147337,80.06181934,9.3,12.3,4.7,478.7,23.3,-2.7,26,6.2,15.1,15.3,3,107.9,11.6,6.4,1.6,32.6,22.1,22.2,28.8
Jindabyne_NSW,Jindabyne_NSW,-36.431837,148.620779,6,41,49,27,3,0.0801,80.1,8.01E-05,16.956,0.0016956,21.16853933,47.23991507,29.5,683.4927517,3.292,11.98,11.20397676,399.2404833,261.2534358,0.162545421,57.45831703,29.98191167,1.903888341,2.439057429,68.9282828,115.2208658,9.3,12.3,4.7,478.7,23.3,-2.7,26,6.2,15.1,15.3,3,107.9,11.6,6.4,1.6,32.6,22.1,22.2,28.8
Jindabyne_NSW,Jindabyne_NSW,-36.431837,148.620779,2,47,53,40,3,0.115,115,0.000115,26.116,0.0026116,22.70956522,44.03430847,35,962.1127502,3.594,15.74,16.38655932,395.1844333,162.868982,0.120593952,64.15662456,30.08792167,1.720364875,2.433241552,135.8820994,107.1461091,9.3,12.3,4.7,478.7,23.3,-2.7,26,6.2,15.1,15.3,3,107.9,11.6,6.4,1.6,32.6,22.1,22.2,28.8
Jindabyne_NSW,Jindabyne_NSW,-36.431837,148.620779,4,49,60,20,3,0.1303,130.3,0.0001303,28.468,0.0028468,21.84804298,45.7706899,36,1017.87602,3.986,16.16,14.04954943,397.0244742,197.7238895,0.122687372,55.03120136,30.12851038,2.036121401,2.057670266,114.5150411,94.18098764,9.3,12.3,4.7,478.7,23.3,-2.7,26,6.2,15.1,15.3,3,107.9,11.6,6.4,1.6,32.6,22.1,22.2,28.8
Jindabyne_NSW,Jindabyne_NSW,-36.431837,148.620779,1,50,60,37,2,0.1168,116.8,0.0001168,26.984,0.0026984,23.10273973,43.28490958,35,962.1127502,3.13,19.12,14.89007865,396.2884516,241.4094041,0.168003767,66.03571829,29.97716774,1.617267958,1.912988851,88.6294333,82.80354944,9.3,12.3,4.7,478.7,23.3,-2.7,26,6.2,15.1,15.3,3,107.9,11.6,6.4,1.6,32.6,22.1,22.2,28.8
Jindabyne_NSW,Jindabyne_NSW,-36.431837,148.620779,3,60,75,38,3,0.1426,142.6,0.0001426,31.085,0.0031085,21.79873773,45.87421586,32.5,829.5768101,3.828,19.54,9.113588472,401.2519667,284.493858,0.140514181,64.18499364,30.06065667,1.720277948,2.54036995,64.85885188,116.5374794,9.3,12.3,4.7,478.7,23.3,-2.7,26,6.2,15.1,15.3,3,107.9,11.6,6.4,1.6,32.6,22.1,22.2,28.8
Marlborough_QLD,Marlborough_QLD,-22.890693,149.769793,4,50,60,31,5,0.178,178,0.000178,50.734,0.0050734,28.50224719,35.08495289,42.5,1418.625433,2.916,37.96,13.14197966,403.1010333,150.5853876,0.086734104,71.53102549,31.63220333,1.520018467,1.515668518,151.5203262,53.17715857,22,11.7,5.2,381,31.6,9.1,22.5,25.9,17.6,26.2,16.5,83.1,15.9,2,6.5,40.7,7.2,40.3,8.6
Marlborough_QLD,Marlborough_QLD,-22.890693,149.769793,3,90,120,26,9,0.316,316,0.000316,73.332,0.0073332,23.20632911,43.09169258,37.5,1104.466167,3.204,47.74,10.07273607,404.5123608,150.9271393,0.066146529,69.08179693,31.36289871,1.639149478,1.688862717,152.2791325,72.77595301,22,11.7,5.2,381,31.6,9.1,22.5,25.9,17.6,26.2,16.5,83.1,15.9,2,6.5,40.7,7.2,40.3,8.6
Marlborough_QLD,Marlborough_QLD,-22.890693,149.769793,2,95,107,30,5,0.249,249,0.000249,46.723,0.0046723,18.76425703,53.29281082,55,2375.829444,3.362,35.14,9.081748953,404.8646312,158.5736828,0.061561863,67.09217396,31.37887968,1.725867696,1.660709914,147.5223216,88.50389926,22,11.7,5.2,381,31.6,9.1,22.5,25.9,17.6,26.2,16.5,83.1,15.9,2,6.5,40.7,7.2,40.3,8.6
Marlborough_QLD,Marlborough_QLD,-22.890693,149.769793,1,100,122,25,4,0.204,204,0.000204,48.36,0.004836,23.70588235,42.18362283,75,4417.864669,3.692,33.5,10.07485065,402.2062,198.123455,0.084088602,59.4315015,31.57745667,2.015295436,NA,119.8123214,NA,22,11.7,5.2,381,31.6,9.1,22.5,25.9,17.6,26.2,16.5,83.1,15.9,2,6.5,40.7,7.2,40.3,8.6
Marlborough_QLD,Marlborough_QLD,-22.890693,149.769793,5,100,110,71,12,0.29,290,0.00029,68.484,0.0068484,23.61517241,42.34565738,75,4417.864669,3.126,47.62,9.295341501,405.2462581,275.3193133,0.124550727,71.82000953,31.37842581,1.476089703,1.463629017,74.63096926,61.9783329,22,11.7,5.2,381,31.6,9.1,22.5,25.9,17.6,26.2,16.5,83.1,15.9,2,6.5,40.7,7.2,40.3,8.6
Mid_Turnbull_Trail_NSW,Sydney_NSW,-33.445,150.826,1,70,85,39,5,NA,NA,NA,45.277,0.0045277,NA,NA,80,5026.548246,2.736,38.12,8.410416005,409.9391758,173.3705265,0.060329732,50.00828363,30.03873651,2.34936311,1.670211181,139.4074825,NA,16.5,12.6,4.9,450.7,28.5,3,25.5,21.7,11.4,22,10.4,100.1,13.6,3.9,3.5,38.5,14.1,35.3,16.5
Mid_Turnbull_Trail_NSW,Sydney_NSW,-33.445,150.826,3,75,93,27,14,NA,NA,NA,66.595,0.0066595,NA,NA,65,3318.30724,3.382,53.96,7.686600105,409.90485,173.2617899,0.055034912,50.23021796,29.99452333,2.308253966,1.378524915,139.6677093,NA,16.5,12.6,4.9,450.7,28.5,3,25.5,21.7,11.4,22,10.4,100.1,13.6,3.9,3.5,38.5,14.1,35.3,16.5
Mid_Turnbull_Trail_NSW,Sydney_NSW,-33.445,150.826,4,80,95,29,12,NA,NA,NA,54.923,0.0054923,NA,NA,70,3848.451001,3.428,39.84,10.41693799,409.8105957,113.9728472,0.058609955,57.02775798,30.07831882,2.08117699,1.649514187,177.7332549,NA,16.5,12.6,4.9,450.7,28.5,3,25.5,21.7,11.4,22,10.4,100.1,13.6,3.9,3.5,38.5,14.1,35.3,16.5
Mid_Turnbull_Trail_NSW,Sydney_NSW,-33.445,150.826,5,80,93,33,11,NA,NA,NA,58.879,0.0058879,NA,NA,90,6361.725124,3.626,47.34,9.803870177,410.0082747,171.0308871,0.069032223,58.77784321,29.96753538,1.955690163,1.669834147,142.0187515,NA,16.5,12.6,4.9,450.7,28.5,3,25.5,21.7,11.4,22,10.4,100.1,13.6,3.9,3.5,38.5,14.1,35.3,16.5
Mid_Turnbull_Trail_NSW,Sydney_NSW,-33.445,150.826,2,95,90,62,22,NA,NA,NA,41.23,0.004123,NA,NA,105,8659.014751,3.415,42.375,9.265627029,409.8830005,198.516929,0.075225373,50.11769016,29.90770613,2.315308334,1.921250586,123.1715664,NA,16.5,12.6,4.9,450.7,28.5,3,25.5,21.7,11.4,22,10.4,100.1,13.6,3.9,3.5,38.5,14.1,35.3,16.5
Mitchell_Ck_NT,NA,-12.5115,130.996271,1,126,166,27,14,0.381,381,0.000381,66.657,0.0066657,17.49527559,57.15828795,90,6361.725124,5.056,36.4,7.096933295,406.3718667,209.3919623,0.060842828,65.28081764,30.16247,1.722721311,1.30910428,116.6437122,74.82615937,27.4,10.3,6,169.5,34.5,17.5,17,28.1,24.8,29.2,24.8,156.9,38.1,0.1,10.6,102.1,0.6,42.9,0.6
Mitchell_Ck_NT,NA,-12.5115,130.996271,2,130,150,55,9,0.416,416,0.000416,80.206,0.0080206,19.28028846,51.86644391,130,13273.22896,4.842,41.4,10.93627388,403.9122419,248.6679294,0.122065717,62.39142542,29.9472,1.74385657,1.323858834,89.5933287,68.66384996,27.4,10.3,6,169.5,34.5,17.5,17,28.1,24.8,29.2,24.8,156.9,38.1,0.1,10.6,102.1,0.6,42.9,0.6
Mitchell_Ck_NT,NA,-12.5115,130.996271,3,150,200,27,23,0.427,427,0.000427,76.232,0.0076232,17.8529274,56.01322279,135,14313.88153,5.916,34.686,5.487384938,406.8878667,301.0782408,0.092780147,64.26370831,29.96129333,1.70936452,1.190589286,59.14395609,66.68874295,27.4,10.3,6,169.5,34.5,17.5,17,28.1,24.8,29.2,24.8,156.9,38.1,0.1,10.6,102.1,0.6,42.9,0.6
Mitchell_Ck_NT,NA,-12.5115,130.996271,4,160,185,41,21,0.355,355,0.000355,59.227,0.0059227,16.68366197,59.93887923,82.5,5345.61625,5.188,32.48,18.43850505,400.2275806,174.1865295,0.137998872,63.80794931,29.8789129,1.691163707,1.668215353,133.6134471,99.99095856,27.4,10.3,6,169.5,34.5,17.5,17,28.1,24.8,29.2,24.8,156.9,38.1,0.1,10.6,102.1,0.6,42.9,0.6
Mitchell_Ck_NT,NA,-12.5115,130.996271,5,162,186,24,11,0.363,363,0.000363,62.381,0.0062381,17.18484848,58.19079527,115,10386.89071,5.428,32.62,6.786763543,406.2846,316.6490737,0.139024198,63.30757408,29.94767333,1.683091147,1.175220734,48.81713861,68.38702912,27.4,10.3,6,169.5,34.5,17.5,17,28.1,24.8,29.2,24.8,156.9,38.1,0.1,10.6,102.1,0.6,42.9,0.6
Mt_Coolon_QLD,Mt_Coolon_QLD,-21.405778,147.350768,3,100,122,15,6,0.319,319,0.000319,62.916,0.0062916,19.72288401,50.702524,60,2827.433388,3.66,40,10.86666361,404.1430323,227.8668477,0.105549223,68.32765155,31.31347645,1.635105213,1.705046325,102.9535158,86.45015221,22.4,13.4,5.2,409,33.6,8.2,25.4,26.9,17.9,26.9,16.5,59.3,12,1,6.9,30.6,4.6,30.6,5.4
Mt_Coolon_QLD,Mt_Coolon_QLD,-21.405778,147.350768,2,100,112,22,12,0.23,230,0.00023,48.509,0.0048509,21.09086957,47.41388196,80,5026.548246,3.756,33.18,9.666531125,404.6365323,241.8060869,0.102389739,67.48483598,31.39641452,1.672418588,1.580089233,94.40917833,74.91816439,22.4,13.4,5.2,409,33.6,8.2,25.4,26.9,17.9,26.9,16.5,59.3,12,1,6.9,30.6,4.6,30.6,5.4
Mt_Coolon_QLD,Mt_Coolon_QLD,-21.405778,147.350768,1,105,125,38,10,0.253,253,0.000253,53.17,0.005317,21.01581028,47.58322362,75,4417.864669,3.08,36.45,14.13621968,402.4773871,203.1244621,0.121008395,64.66088352,31.25618065,1.765254871,1.198794567,116.8201566,57.04250998,22.4,13.4,5.2,409,33.6,8.2,25.4,26.9,17.9,26.9,16.5,59.3,12,1,6.9,30.6,4.6,30.6,5.4
Mt_Coolon_QLD,Mt_Coolon_QLD,-21.405778,147.350768,4,110,138,17,8,0.258,258,0.000258,50.227,0.0050227,19.46782946,51.36679475,50,1963.495408,2.948,35.5,12.80901842,403.2026613,211.2936481,0.113628027,70.14131359,31.24405645,1.553104915,1.713401456,112.7276325,88.01194094,22.4,13.4,5.2,409,33.6,8.2,25.4,26.9,17.9,26.9,16.5,59.3,12,1,6.9,30.6,4.6,30.6,5.4
Mt_Coolon_QLD,Mt_Coolon_QLD,-21.405778,147.350768,5,110,128,16,5,0.217,217,0.000217,47.737,0.0047737,21.99861751,45.45740202,60,2827.433388,3.432,32.58,12.99378153,403.1332167,202.3643971,0.110041369,71.00267451,31.11494667,1.521798051,1.354558958,118.0808783,61.5747311,22.4,13.4,5.2,409,33.6,8.2,25.4,26.9,17.9,26.9,16.5,59.3,12,1,6.9,30.6,4.6,30.6,5.4
Mt_Fox_QLD,Mt Fox N Park_QLD,-19.001291,145.473311,5,50,80,31,3,0.135,135,0.000135,32.639,0.0032639,24.17703704,41.36156132,55,2375.829444,3.068,24.5,19.4503137,397.7968065,160.7661604,0.138480881,75.65948613,33.90409355,1.475127137,1.77338944,140.4548673,73.35015606,22.9,12.2,5.5,343.2,32.8,10.7,22.1,26.1,18,26.6,18,71,18.1,0.8,9.4,43.2,2.7,41.8,2.7
Mt_Fox_QLD,Mt Fox N Park_QLD,-19.001291,145.473311,4,80,100,26,7,0.196,196,0.000196,41.462,0.0041462,21.15408163,47.27220105,50,1963.495408,3.27,29.92,16.19754883,399.7292258,196.0328509,0.136735317,73.22157006,33.85127581,1.58278603,2.60226126,118.4591458,123.0146175,22.9,12.2,5.5,343.2,32.8,10.7,22.1,26.1,18,26.6,18,71,18.1,0.8,9.4,43.2,2.7,41.8,2.7
Mt_Fox_QLD,Mt Fox N Park_QLD,-19.001291,145.473311,1,90,105,18,6,0.169,169,0.000169,34.136,0.0034136,20.19881657,49.50785095,52.5,2164.753688,2.98,27.22,19.70933839,398.0025747,214.1586547,0.189845928,58.99473979,31.03775086,1.787343806,1.896590484,103.817546,93.896119,22.9,12.2,5.5,343.2,32.8,10.7,22.1,26.1,18,26.6,18,71,18.1,0.8,9.4,43.2,2.7,41.8,2.7
Mt_Fox_QLD,Mt Fox N Park_QLD,-19.001291,145.473311,2,95,103,27,8,0.19,190,0.00019,44.11,0.004411,23.21578947,43.07413285,72.5,4128.249096,3.286,31.32,18.29271469,398.3025726,240.3624886,0.230172064,78.09705528,31.75196597,1.158234466,2.066771096,79.47408737,89.02437278,22.9,12.2,5.5,343.2,32.8,10.7,22.1,26.1,18,26.6,18,71,18.1,0.8,9.4,43.2,2.7,41.8,2.7
Mt_Fox_QLD,Mt Fox N Park_QLD,-19.001291,145.473311,3,100,111,19,9,0.165,165,0.000165,37.988,0.0037988,23.0230303,43.43476887,60,2827.433388,3.412,28.78,16.57576709,399.4739,220.2933706,0.158130316,75.69341029,33.44359333,1.389816946,2.121073025,104.8234618,92.12831663,22.9,12.2,5.5,343.2,32.8,10.7,22.1,26.1,18,26.6,18,71,18.1,0.8,9.4,43.2,2.7,41.8,2.7
Palm_Valley_NT,Palm_Valley_NT,-24.057,132.763,3,60,70,33,3,0.149,149,0.000149,30.335,0.0030335,20.3590604,49.11818032,20,314.1592654,3.02,22.36,7.219433305,401.7346753,199.6210305,0.064028617,29.13991809,34.38752746,3.841526813,NA,112.7532294,NA,20.6,15.9,4.8,608.2,36.2,3.2,33,27.8,14.3,27.8,12.3,29.4,3.6,1.2,3.3,10.4,4.3,10.4,4.9
Palm_Valley_NT,Palm_Valley_NT,-24.057,132.763,4,60,80,60,6,0.111,111,0.000111,23.773,0.0023773,21.41711712,46.69162495,40,1256.637061,3.125,20.825,5.27417067,403.9084355,215.4099262,0.050623269,28.46910146,33.61149677,3.801388532,NA,104.1847115,NA,20.6,15.9,4.8,608.2,36.2,3.2,33,27.8,14.3,27.8,12.3,29.4,3.6,1.2,3.3,10.4,4.3,10.4,4.9
Palm_Valley_NT,Palm_Valley_NT,-24.057,132.763,5,60,70,70,12,0.143,143,0.000143,29.9,0.00299,20.90909091,47.82608696,40,1256.637061,3.67,23.45,NA,NA,NA,NA,NA,NA,NA,NA,NA,NA,20.6,15.9,4.8,608.2,36.2,3.2,33,27.8,14.3,27.8,12.3,29.4,3.6,1.2,3.3,10.4,4.3,10.4,4.9
Palm_Valley_NT,Palm_Valley_NT,-24.057,132.763,2,70,90,80,10,0.185,185,0.000185,37.044,0.0037044,20.02378378,49.94061117,45,1590.431281,2.888,30.92,4.509502956,404.6062113,263.0596658,0.059733827,30.53162127,31.98928543,3.385055771,NA,75.49328749,NA,20.6,15.9,4.8,608.2,36.2,3.2,33,27.8,14.3,27.8,12.3,29.4,3.6,1.2,3.3,10.4,4.3,10.4,4.9
Palm_Valley_NT,Palm_Valley_NT,-24.057,132.763,1,70,90,100,7,0.261,261,0.000261,55.018,0.0055018,21.07969349,47.43901996,25,490.8738521,3.35,36,5.443816033,403.9378914,196.6224576,0.046004474,28.67684685,30.36269527,3.204115643,NA,118.3323173,NA,20.6,15.9,4.8,608.2,36.2,3.2,33,27.8,14.3,27.8,12.3,29.4,3.6,1.2,3.3,10.4,4.3,10.4,4.9
Pannawonica_WA,Pannawonica_WA,-21.637977,116.334303,3,80,90,30,5,NA,NA,NA,38.443,0.0038443,NA,NA,39,1194.590607,4.0875,25.75,7.695674304,405.829871,229.5823196,0.075561088,55.82744788,30.98800323,2.171847763,1.240137237,101.8470552,NA,26.6,15,5.3,476.2,40,12,28,31.8,26.8,32,20,34.2,7.7,0.2,8.6,20.1,1.1,16,6.1
Pannawonica_WA,Pannawonica_WA,-21.637977,116.334303,5,90,100,32,9,NA,NA,NA,75.118,0.0075118,NA,NA,60,2827.433388,4.038,41.28,7.839302444,405.8152581,234.839125,0.079634776,55.40551752,30.89168387,2.181735855,1.407494594,98.44069223,NA,26.6,15,5.3,476.2,40,12,28,31.8,26.8,32,20,34.2,7.7,0.2,8.6,20.1,1.1,16,6.1
Pannawonica_WA,Pannawonica_WA,-21.637977,116.334303,1,100,115,41,13,NA,NA,NA,47.984,0.0047984,NA,NA,45,1590.431281,3.526,31.52,11.66090778,403.6073468,214.466066,0.106352404,54.78086513,31.27810726,2.171734362,2.177133727,109.6440446,NA,26.6,15,5.3,476.2,40,12,28,31.8,26.8,32,20,34.2,7.7,0.2,8.6,20.1,1.1,16,6.1
Pannawonica_WA,Pannawonica_WA,-21.637977,116.334303,4,110,130,40,11,NA,NA,NA,51.559,0.0051559,NA,NA,65,3318.30724,3.824,29.26,7.625969976,405.7509,287.7373752,0.117451732,55.18235579,30.71921,2.141321088,2.087113334,64.92854414,NA,26.6,15,5.3,476.2,40,12,28,31.8,26.8,32,20,34.2,7.7,0.2,8.6,20.1,1.1,16,6.1
Pannawonica_WA,Pannawonica_WA,-21.637977,116.334303,2,125,152,35,16,NA,NA,NA,53.49,0.005349,NA,NA,72.5,4128.249096,4.4,30.48,7.225702345,406.0774333,208.8434442,0.062782873,54.87304453,31.18903667,2.226226068,1.47253676,115.0903419,NA,26.6,15,5.3,476.2,40,12,28,31.8,26.8,32,20,34.2,7.7,0.2,8.6,20.1,1.1,16,6.1
Powranna_TAS,Nile_TAS,-41.69833333,147.2380556,3,40,51.2,84,11,0.1299,129.9,0.0001299,25.45,0.002545,19.59199384,51.04125737,42.5,1418.625433,3.474,15.78,13.37355524,399.1958435,182.3623981,0.107015232,53.58494157,32.01208355,2.438534768,2.527875277,124.9687074,129.0259326,11.5,11.1,5.1,354.6,23.4,1.8,21.6,7.6,16,16,6.9,60.4,6.7,3.1,1.8,18.4,11.7,11.7,17.6
Powranna_TAS,Nile_TAS,-41.69833333,147.2380556,1,40,47.7,15,2,0.2921,292.1,0.0002921,56.216,0.0056216,19.24546388,51.960296,36,1017.87602,4.468,25.7,7.485810528,403.7563333,153.6621647,0.051972862,7.567947056,29.98345833,3.904684705,1.810916245,144.033063,94.09574415,11.5,11.1,5.1,354.6,23.4,1.8,21.6,7.6,16,16,6.9,60.4,6.7,3.1,1.8,18.4,11.7,11.7,17.6
Powranna_TAS,Nile_TAS,-41.69833333,147.2380556,5,45,52.1,21,14,0.1528,152.8,0.0001528,29.688,0.0029688,19.42931937,51.46860684,25,490.8738521,3.698,17.54,10.2263427,401.6804543,208.5132045,0.091641342,55.09457346,32.07739505,2.418414065,2.108253503,111.5909318,108.5088707,11.5,11.1,5.1,354.6,23.4,1.8,21.6,7.6,16,16,6.9,60.4,6.7,3.1,1.8,18.4,11.7,11.7,17.6
Powranna_TAS,Nile_TAS,-41.69833333,147.2380556,4,45,59.5,92,3,0.2487,248.7,0.0002487,45.267,0.0045267,18.20144753,54.94068527,37.5,1104.466167,3.652,26.52,9.759664896,402.1368871,138.8194499,0.062817047,53.72501785,33.68226129,2.745967246,2.121422273,155.3665018,116.5523934,11.5,11.1,5.1,354.6,23.4,1.8,21.6,7.6,16,16,6.9,60.4,6.7,3.1,1.8,18.4,11.7,11.7,17.6
Powranna_TAS,Nile_TAS,-41.69833333,147.2380556,2,50,72.1,29,2,0.2156,215.6,0.0002156,41.741,0.0041741,19.36038961,51.65185309,33.5,881.4130889,3.48,25.3,9.853474546,402.2664839,90.49262398,0.052349615,56.67474465,29.98964839,2.025016633,2.036307729,188.2243939,105.1790677,11.5,11.1,5.1,354.6,23.4,1.8,21.6,7.6,16,16,6.9,60.4,6.7,3.1,1.8,18.4,11.7,11.7,17.6
Powranna_TAS,Nile_TAS,-41.69833333,147.2380556,6,65,95,35,18,0.1799,179.9,0.0001799,42.22,0.004222,23.46859366,42.61013738,47.5,1772.054606,4.064,22.98,10.97953568,401.304329,196.910765,0.093239993,66.66492044,30.15378,1.693228706,2.320774639,117.755647,98.88852617,11.5,11.1,5.1,354.6,23.4,1.8,21.6,7.6,16,16,6.9,60.4,6.7,3.1,1.8,18.4,11.7,11.7,17.6
Rainbow_Valley_NT,Rainbow_Valley_NT,-24.235,133.459,3,60,90,80,1,0.234,234,0.000234,40.418,0.0040418,17.27264957,57.89499728,55,2375.829444,3.618,25.5,12.48441313,400.1552903,154.0511084,0.092240956,74.04849965,32.68543871,1.549538629,NA,135.345661,NA,20.9,16,4.8,613.7,36.8,3.5,33.3,28.2,14.6,28.2,12.6,26.2,3.5,1,3.8,9.8,3.6,9.8,4.1
Rainbow_Valley_NT,Rainbow_Valley_NT,-24.235,133.459,5,70,90,145,7,0.25,250,0.00025,44.611,0.0044611,17.8444,56.03999014,85,5674.501731,3.188,32.14,6.768502266,402.6812093,214.3897857,0.061812759,78.14707012,39.66121093,2.016408383,3.009516243,109.5000843,168.6532605,20.9,16,4.8,613.7,36.8,3.5,33.3,28.2,14.6,28.2,12.6,26.2,3.5,1,3.8,9.8,3.6,9.8,4.1
Rainbow_Valley_NT,Rainbow_Valley_NT,-24.235,133.459,1,70,100,180,8,0.372,372,0.000372,57.861,0.0057861,15.55403226,64.29201016,75,4417.864669,3.662,35.02,10.46848696,400.5337,39.06137472,0.047566115,72.0518238,30.03349167,1.50109567,2.426856617,220.0828676,156.0274903,20.9,16,4.8,613.7,36.8,3.5,33.3,28.2,14.6,28.2,12.6,26.2,3.5,1,3.8,9.8,3.6,9.8,4.1
Rainbow_Valley_NT,Rainbow_Valley_NT,-24.235,133.459,4,80,707,90,3,0.5,500,5.00E-04,73.449,0.0073449,14.6898,68.07444621,75,4417.864669,4.328,40.48,7.854630694,401.6363226,197.3699655,0.065312083,80.04102855,39.26061613,1.848901836,NA,120.263056,NA,20.9,16,4.8,613.7,36.8,3.5,33.3,28.2,14.6,28.2,12.6,26.2,3.5,1,3.8,9.8,3.6,9.8,4.1
Rainbow_Valley_NT,Rainbow_Valley_NT,-24.235,133.459,2,90,100,50,7,0.429,429,0.000429,69.001,0.0069001,16.08414918,62.17301199,70,3848.451001,3.8225,49.075,18.75956188,393.5502833,15.2364413,0.081276848,77.10852793,30.18695833,1.252729262,2.798820709,230.8106477,174.0111135,20.9,16,4.8,613.7,36.8,3.5,33.3,28.2,14.6,28.2,12.6,26.2,3.5,1,3.8,9.8,3.6,9.8,4.1
The_Lynd_Junction_QLD,The_Lynd_Junction_QLD,-18.97806,144.682176,4,59,60,51,5,0.429,429,0.000429,67.459,0.0067459,15.72470862,63.59418313,30,706.8583471,4.238,36.64,NA,NA,NA,NA,NA,NA,NA,NA,NA,NA,22.7,13.5,5.6,357.1,33.5,9.6,23.9,25.8,18.8,26.5,17.6,74.4,18.5,0.5,10,47.7,1.9,34.4,2.1
The_Lynd_Junction_QLD,The_Lynd_Junction_QLD,-18.97806,144.682176,2,76,86,32,4,0.22,220,0.00022,49.295,0.0049295,22.40681818,44.62927275,35,962.1127502,4.206,26.86,NA,NA,NA,NA,NA,NA,NA,NA,NA,NA,22.7,13.5,5.6,357.1,33.5,9.6,23.9,25.8,18.8,26.5,17.6,74.4,18.5,0.5,10,47.7,1.9,34.4,2.1
The_Lynd_Junction_QLD,The_Lynd_Junction_QLD,-18.97806,144.682176,5,90,93,54,11,0.194,194,0.000194,41.214,0.0041214,21.2443299,47.07138351,50,1963.495408,3.35,28.28,NA,NA,NA,NA,NA,NA,NA,NA,NA,NA,22.7,13.5,5.6,357.1,33.5,9.6,23.9,25.8,18.8,26.5,17.6,74.4,18.5,0.5,10,47.7,1.9,34.4,2.1
The_Lynd_Junction_QLD,The_Lynd_Junction_QLD,-18.97806,144.682176,1,95,99,51,14,0.152,152,0.000152,36.192,0.0036192,23.81052632,41.99823165,52.5,2164.753688,4.606,18.84,NA,NA,NA,NA,NA,NA,NA,NA,NA,NA,22.7,13.5,5.6,357.1,33.5,9.6,23.9,25.8,18.8,26.5,17.6,74.4,18.5,0.5,10,47.7,1.9,34.4,2.1
The_Lynd_Junction_QLD,The_Lynd_Junction_QLD,-18.97806,144.682176,3,105,117,49,7,0.211,211,0.000211,44.137,0.0044137,20.91800948,47.8056959,55,2375.829444,4.05,24.72,NA,NA,NA,NA,NA,NA,NA,NA,NA,NA,22.7,13.5,5.6,357.1,33.5,9.6,23.9,25.8,18.8,26.5,17.6,74.4,18.5,0.5,10,47.7,1.9,34.4,2.1
Woodstock_Rd_QLD,Woodstock_road_QLD,-19.6156,147.961153,5,80,106,99,38,0.271,271,0.000271,59.667,0.0059667,22.01734317,45.41874068,85,5674.501731,NA,NA,NA,NA,NA,NA,NA,NA,NA,NA,NA,NA,NA,NA,NA,NA,NA,NA,NA,NA,NA,NA,NA,NA,NA,NA,NA,NA,NA,NA,NA
Woodstock_Rd_QLD,Woodstock_road_QLD,-19.6156,147.961153,3,90,124,84,26,0.174,174,0.000174,47.355,0.0047355,27.21551724,36.74374406,55,2375.829444,NA,NA,17.4787948,400.7269156,199.1923952,0.149375125,74.745102,31.35107812,1.338981286,2.133465493,117.0127543,78.39151003,NA,NA,NA,NA,NA,NA,NA,NA,NA,NA,NA,NA,NA,NA,NA,NA,NA,NA,NA
Woodstock_Rd_QLD,Woodstock_road_QLD,-19.6156,147.961153,2,100,105,102,17,0.163,163,0.000163,42.354,0.0042354,25.98404908,38.48514898,65,3318.30724,NA,NA,19.22408463,399.4318102,226.0054561,0.193577947,69.16714414,31.66419613,1.525559946,1.307503504,99.30927019,50.31946715,NA,NA,NA,NA,NA,NA,NA,NA,NA,NA,NA,NA,NA,NA,NA,NA,NA,NA,NA
Woodstock_Rd_QLD,Woodstock_road_QLD,-19.6156,147.961153,1,110,126,109,21,0.177,177,0.000177,43.003,0.0043003,24.29548023,41.15991908,65,3318.30724,NA,NA,19.86583714,399.3056651,208.096018,0.182632907,67.13151385,31.41383672,1.619812574,1.106488614,108.774686,45.54298179,NA,NA,NA,NA,NA,NA,NA,NA,NA,NA,NA,NA,NA,NA,NA,NA,NA,NA,NA
Woodstock_Rd_QLD,Woodstock_road_QLD,-19.6156,147.961153,4,125,148,71,31,0.209,209,0.000209,53.307,0.0053307,25.50574163,39.20685839,45,1590.431281,NA,NA,NA,NA,NA,NA,NA,NA,NA,NA,NA,NA,NA,NA,NA,NA,NA,NA,NA,NA,NA,NA,NA,NA,NA,NA,NA,NA,NA,NA,NA
